{
    "DilatedResNet128": {
        "fwd_time": 0.11756343938410282
    },
    "DilatedResNet128-norm": {
        "fwd_time": 0.18328951232135296
    },
    "FNO-16m": {
        "fwd_time": 0.058803207650780676
    },
    "FNO-8m": {
        "fwd_time": 0.056283304393291475
    },
    "FNOs-128-16m": {
        "fwd_time": 0.030709838196635246
    },
    "FNOs-128-32m": {
        "fwd_time": 0.03565549924969673
    },
    "FNOs-64-32m": {
        "fwd_time": 0.016176866739988326
    },
    "ResNet128": {
        "fwd_time": 0.08325907155871391
    },
    "ResNet256": {
        "fwd_time": 0.23063264027237892
    },
    "U-FNet1-16m": {
        "fwd_time": 0.0816919206827879
    },
    "U-FNet1-8m": {
        "fwd_time": 0.08138203151524066
    },
    "U-FNet2-16m": {
        "fwd_time": 0.08273343607783318
    },
    "U-FNet2-16mc": {
        "fwd_time": 0.08382633090019226
    },
    "U-FNet2-8m": {
        "fwd_time": 0.08232887782156467
    },
    "U-FNet2-8mc": {
        "fwd_time": 0.0823761286586523
    },
    "U-FNet2attn-16m": {
        "fwd_time": 0.08487409047782421
    },
    "UNO128": {
        "fwd_time": 0.15806756630539895
    },
    "UNO64": {
        "fwd_time": 0.0646512319892645
    },
    "Unet2015-128": {
        "fwd_time": 0.04182591751217842
    },
    "Unet2015-128-tanh": {
        "fwd_time": 0.04193041861057281
    },
    "Unet2015-64": {
        "fwd_time": 0.012457100003957748
    },
    "Unet2015-64-tanh": {
        "fwd_time": 0.01253474161028862
    },
    "Unetbase128": {
        "fwd_time": 0.05634721115231514
    },
    "Unetbase64": {
        "fwd_time": 0.020573481842875482
    },
    "Unetmod64": {
        "fwd_time": 0.07914669796824456
    },
    "Unetmodattn64": {
        "fwd_time": 0.08128422379493713
    },
    "date-created": "2022-11-01 22:48:27.576275",
    "gpu-name": "Tesla V100-PCIE-16GB"
}