{
    "DilatedResNet128": {
        "fwd_time": 0.11773830071091652,
        "model_size": 16.669708,
        "num_params": 4167427
    },
    "DilatedResNet128-norm": {
        "fwd_time": 0.1831896709650755,
        "model_size": 16.69838,
        "num_params": 4174595
    },
    "FNO-16m": {
        "fwd_time": 0.058782191500067714,
        "model_size": 537.539596,
        "num_params": 134384899
    },
    "FNO-8m": {
        "fwd_time": 0.056277169361710545,
        "model_size": 134.886412,
        "num_params": 33721603
    },
    "FNOs-128-16m": {
        "fwd_time": 0.030698454827070235,
        "model_size": 268.839948,
        "num_params": 67209987
    },
    "FNOs-128-32m": {
        "fwd_time": 0.03565854139626026,
        "model_size": 1074.1463159999998,
        "num_params": 268536579
    },
    "FNOs-64-32m": {
        "fwd_time": 0.01618064858019352,
        "model_size": 268.539404,
        "num_params": 67134851
    },
    "FNOs-96-32m": {
        "fwd_time": 0.025735129490494727,
        "model_size": 604.20942,
        "num_params": 151052355
    },
    "ResNet128": {
        "fwd_time": 0.0833107054978609,
        "model_size": 9.60206,
        "num_params": 2400515
    },
    "ResNet256": {
        "fwd_time": 0.23060386709868907,
        "model_size": 38.34062,
        "num_params": 9585155
    },
    "U-FNet1-16m": {
        "fwd_time": 0.08168603092432022,
        "model_size": 643.6393079999999,
        "num_params": 160909827
    },
    "U-FNet1-8m": {
        "fwd_time": 0.08145631901919842,
        "model_size": 593.3076599999999,
        "num_params": 148326915
    },
    "U-FNet2-16m": {
        "fwd_time": 0.08274051055312157,
        "model_size": 700.524556,
        "num_params": 175131139
    },
    "U-FNet2-16mc": {
        "fwd_time": 0.08384501464664935,
        "model_size": 876.6853239999999,
        "num_params": 219171331
    },
    "U-FNet2-8m": {
        "fwd_time": 0.08225021198391914,
        "model_size": 606.1527159999999,
        "num_params": 151538179
    },
    "U-FNet2-8mc": {
        "fwd_time": 0.08275825455784798,
        "model_size": 650.192908,
        "num_params": 162548227
    },
    "U-FNet2attn-16m": {
        "fwd_time": 0.08480156801640987,
        "model_size": 717.3263479999999,
        "num_params": 179331587
    },
    "UNO128": {
        "fwd_time": 0.15792884007096292,
        "model_size": 1761.817356,
        "num_params": 440454339
    },
    "UNO64": {
        "fwd_time": 0.06461495012044907,
        "model_size": 440.465804,
        "num_params": 110116451
    },
    "Unet2015-128": {
        "fwd_time": 0.041807007864117625,
        "model_size": 496.528396,
        "num_params": 124132099
    },
    "Unet2015-128-tanh": {
        "fwd_time": 0.04212793804705143,
        "model_size": 496.528396,
        "num_params": 124132099
    },
    "Unet2015-64": {
        "fwd_time": 0.012482588589191436,
        "model_size": 124.17178799999999,
        "num_params": 31042947
    },
    "Unet2015-64-tanh": {
        "fwd_time": 0.01257168062031269,
        "model_size": 124.17178799999999,
        "num_params": 31042947
    },
    "Unetbase128": {
        "fwd_time": 0.05609836667776108,
        "model_size": 496.587788,
        "num_params": 124146947
    },
    "Unetbase64": {
        "fwd_time": 0.02070143796503544,
        "model_size": 124.201484,
        "num_params": 31050371
    },
    "Unetmod64": {
        "fwd_time": 0.07926788255572319,
        "model_size": 577.054732,
        "num_params": 144263683
    },
    "Unetmodattn64": {
        "fwd_time": 0.08117717601358891,
        "model_size": 593.8565239999999,
        "num_params": 148464131
    },
    "date-created": "2022-11-02 02:59:04.403905",
    "gpu-name": "Tesla V100-PCIE-16GB"
}